Kernel,Fixed,R²,MAE,MSE,RMSE,MAPE
gaussian,True,0.20264070182624994,0.09132967850057933,0.01282541182830953,0.11324933478086982,50.24650584663418
gaussian,False,0.24621029013318618,0.08858087713843699,0.012124601146718168,0.1101117666133741,48.586554823158906
bisquare,True,0.2026406979395955,0.09132967840913682,0.01282541189082582,0.11324933505688155,50.246506365329246
bisquare,False,0.2892170296950104,0.08566913222668636,0.011432843807791325,0.10692447712189818,46.419142724161894
exponential,True,0.2026445628522533,0.09132936285620875,0.012825349724250939,0.11324906058882316,50.246425601621056
exponential,False,0.2608411399924092,0.0877903286706115,0.011889265990694425,0.10903791079571556,48.163598731026326
