Kernel,Fixed,MAE,MSE,RMSE,R²,MAPE
gaussian,True,0.08165784950410034,0.011082370993239258,0.10527284071990865,0.29925070385467945,39.258348711774204
gaussian,False,0.07886822348806316,0.010459145242201446,0.10226996256086851,0.3386578854628215,38.05857967908698
bisquare,True,0.08165784914318028,0.01108237088961624,0.1052728402277446,0.29925071040686546,39.258347221399504
bisquare,False,0.07549681841499624,0.00996194775705299,0.09980955744342819,0.3700961749746552,36.87532184895407
exponential,True,0.08165768094490007,0.011082321720728124,0.10527260669674768,0.2992538194043679,39.25812547715199
exponential,False,0.07836792864710952,0.010350346436098199,0.1017366523731649,0.34553734174927964,37.84542098768494
