Kernel,Adaptive,Bandwidth,MAE,MSE,RMSE,R²,MAPE,AIC
gaussian,True,70.0,0.07502172610572108,0.00982229437306494,0.09910748898577211,0.3789265967854426,36.5984929021091,-1850.1147065669406
gaussian,False,-1.0,-1.0,-1.0,-1.0,-1.0,-1.0,-1.0
bisquare,True,209.0,0.07564795841444717,0.00998693347666222,0.09993464602760256,0.3685163031728058,36.91485590411416,-1837.8326887632477
bisquare,False,-1.0,-1.0,-1.0,-1.0,-1.0,-1.0,-1.0
